[
    {
        "id":1,
        "time":"11:00 - 12:00",
        "duration": 60
    },
    {
        "id":2,
        "time":"13:00 - 14:00",
        "duration": 60
    },
    {
        "id":3,
        "time":"15:00 - 16:00",
        "duration": 60
    },
    {
        "id":4,
        "time":"16:00 - 17:00",
        "duration": 60
    },
    {
        "id":5,
        "time":"17:00 - 18:00",
        "duration": 60
    },
    {
        "id":6,
        "time":"18:00 - 20:00",
        "duration": 120
    }
]